<!DOCTYPE hibernate-configuration PUBLIC
        "-//Hibernate/Hibernate Configuration DTD 3.0//EN"
        "http://hibernate.sourceforge.net/hibernate-configuration-3.0.dtd">

<hibernate-configuration>

    <session-factory>

        <!-- DB connection -->
        <property name="hibernate.connection.driver_class">com.mysql.cj.jdbc.Driver</property>
        <property name="hibernate.connection.url">jdbc:mysql://localhost:3306/student_db</property>
        <property name="hibernate.connection.username">root</property>
        <property name="hibernate.connection.password">7761890349</property>

        <!-- Dialect -->
        <property name="hibernate.dialect">org.hibernate.dialect.MySQLDialect</property>

        <!-- Auto table creation -->
        <property name="hibernate.hbm2ddl.auto">update</property>

        <!-- Show SQL -->
        <property name="hibernate.show_sql">true</property>

        <!-- Entity mapping -->
        <mapping class="org.example.Student.Student"/>

    </session-factory>

</hibernate-configuration>